step,model_label,fold,train_loss,val_loss,corr_train_mean,r2_train_mean,mse_train_mean,corr_val_mean,r2_val_mean,mse_val_mean
step1,Zero / Identity,0,0.9993022084236145,0.99941486120224,0.0,-0.059712205,0.34604564,0.0,-0.061341535,0.34656972
step1,Zero / Identity,1,0.9993780255317688,0.9987369179725647,0.0,-0.060028836,0.34627149,0.0,-0.05870646,0.34443593
step1,Zero / Identity,2,0.9992948770523071,0.9994804263114929,0.0,-0.059628353,0.34590697,0.0,-0.061979473,0.34768093
step1,Zero / Identity,3,0.9992998242378235,0.9994345307350159,0.0,-0.059825193,0.34608525,0.0,-0.059999134,0.3459351
step1,Zero / Identity,4,0.9992735981941223,0.999672532081604,0.0,-0.0596504,0.34592304,0.0,-0.061777964,0.34741017
step1,Zero / Identity,5,0.9992878437042236,0.999547004699707,0.0,-0.05995482,0.34596303,0.0,-0.058896527,0.34719014
step1,Zero / Identity,6,0.9993117451667786,0.9993303418159485,0.0,-0.05991963,0.3460736,0.0,-0.06003389,0.34633914
step1,Zero / Identity,7,0.9993181824684143,0.9992733597755432,0.0,-0.059824895,0.3461216,0.0,-0.060119484,0.3457669
step1,Zero / Identity,8,0.9993307590484619,0.9991581439971924,0.0,-0.05985469,0.34613743,0.0,-0.059804752,0.34553415
step1,Zero / Identity,9,0.9993263483047485,0.9991970062255859,0.0,-0.060114097,0.3462582,0.0,-0.05757448,0.34442303
step1,Baseline / Identity,0,0.9992802739143372,0.999578058719635,0.03548716334533876,-0.058566462,0.34563705,-0.004621222685658416,-0.063651755,0.34726113
step1,Baseline / Identity,1,0.9993531703948975,0.9988824725151062,0.03545677657397223,-0.058884095,0.34584075,-0.002070373901577527,-0.06067892,0.34505895
step1,Baseline / Identity,2,0.9992764592170715,0.9996177554130554,0.03507300734857114,-0.058536325,0.34552568,-8.292602708981172e-05,-0.06392654,0.34832174
step1,Baseline / Identity,3,0.9992811679840088,0.9995627403259277,0.034956174827493816,-0.058768354,0.3457097,0.0011933839961479344,-0.061837636,0.3464721
step1,Baseline / Identity,4,0.9992493987083435,0.9997796416282654,0.03501719262963571,-0.05854768,0.345516,0.002980496949271342,-0.06329143,0.34783235
step1,Baseline / Identity,5,0.9992674589157104,0.9996519088745117,0.035006150802311294,-0.058880948,0.34556043,0.0029538158319979647,-0.06042911,0.34770015
step1,Baseline / Identity,6,0.9992865324020386,0.9994699358940125,0.03549046021135147,-0.05879309,0.34566075,-0.0018121572760105066,-0.0619311,0.34698159
step1,Baseline / Identity,7,0.9992911219596863,0.9994151592254639,0.03550267816699692,-0.058615018,0.345683,-0.0015431122099149382,-0.06207392,0.34633914
step1,Baseline / Identity,8,0.9993096590042114,0.9992743730545044,0.03506670823153836,-0.058761567,0.34572938,0.00208819247584193,-0.061494943,0.3460434
step1,Baseline / Identity,9,0.9993034601211548,0.9993028044700623,0.03496776415230376,-0.05903975,0.3458744,0.0017794749995153412,-0.05914086,0.3449088
step1,Baseline / Shared,0,0.9993977546691895,0.9997696876525879,0.03548716334533876,-0.058566466,0.34563705,-0.004621222685658416,-0.063651755,0.34726113
step1,Baseline / Shared,1,0.9994731545448303,0.9990745186805725,0.03545677657397223,-0.0588841,0.3458407,-0.002070373901577527,-0.06067892,0.34505895
step1,Baseline / Shared,2,0.9993930459022522,0.9998093843460083,0.03507300734857114,-0.058536325,0.34552568,-8.292602708981172e-05,-0.06392654,0.34832174
step1,Baseline / Shared,3,0.999399721622467,0.9997543692588806,0.034956174827493816,-0.058768354,0.3457097,0.0011933839961479344,-0.061837636,0.3464721
step1,Baseline / Shared,4,0.9993715882301331,0.9999712109565735,0.035017192629635714,-0.05854768,0.345516,0.002980496949271342,-0.06329143,0.34783235
step1,Baseline / Shared,5,0.9993855357170105,0.9998435378074646,0.0350061508023113,-0.058880948,0.34556043,0.0029538158319979647,-0.06042911,0.34770015
step1,Baseline / Shared,6,0.9994065165519714,0.9996616840362549,0.03549046021135147,-0.05879309,0.3456608,-0.0018121572760105066,-0.0619311,0.34698159
step1,Baseline / Shared,7,0.9994131922721863,0.9996068477630615,0.03550267816699692,-0.058615018,0.345683,-0.0015431122099149382,-0.06207392,0.34633914
step1,Baseline / Shared,8,0.9994281530380249,0.9994662404060364,0.03506670823153836,-0.058761567,0.34572944,0.00208819247584193,-0.061494943,0.3460434
step1,Baseline / Shared,9,0.9994249939918518,0.9994945526123047,0.03496776415230375,-0.05903975,0.3458744,0.0017794749995153412,-0.05914086,0.3449088
step1,Conditional / Identity,0,0.9993765354156494,0.9995136260986328,0.006225163582715697,-0.060758058,0.34634846,-0.0006924249969652668,-0.062635325,0.34695587
step1,Conditional / Identity,1,0.9994412660598755,0.9988059997558594,0.0053902811072617605,-0.060511515,0.34643435,0.0024287738939439345,-0.05941261,0.34468088
step1,Conditional / Identity,2,0.9993599653244019,0.9995426535606384,0.005945429427273708,-0.06025234,0.34609666,0.0004611454951485559,-0.0626749,0.34788954
step1,Conditional / Identity,3,0.9993646740913391,0.999533474445343,0.005674317526611872,-0.060398202,0.34619159,0.0023250942004743595,-0.061196104,0.34625268
step1,Conditional / Identity,4,0.999344527721405,0.9997354745864868,0.0062565484882469175,-0.06019955,0.34601438,0.0032022996915726113,-0.06236415,0.34753472
step1,Conditional / Identity,5,0.9993523359298706,0.9996441602706909,0.007852222768422666,-0.060848385,0.34623578,-0.004165576909971209,-0.060419917,0.34769183
step1,Conditional / Identity,6,0.9993706941604614,0.9994128346443176,0.0072647762905174015,-0.060639672,0.34623384,-0.005007732385470311,-0.061173268,0.34657505
step1,Conditional / Identity,7,0.999369204044342,0.9993336796760559,0.008531310441582294,-0.05968696,0.34603292,0.0020613031728568864,-0.06030327,0.34578753
step1,Conditional / Identity,8,0.9994009733200073,0.9992529153823853,0.007497561727124264,-0.060986053,0.34651324,-0.009398040025770972,-0.061439563,0.34612852
step1,Conditional / Identity,9,0.999396800994873,0.999276340007782,0.006989480670494049,-0.06097727,0.3466416,-0.0011769968704390022,-0.05845861,0.34479737
step1,Conditional / Shared,0,0.9995797872543335,0.9997058510780334,0.006225163268312681,-0.06075807,0.34634852,-0.0006924249969652668,-0.062635325,0.34695587
step1,Conditional / Shared,1,0.999623715877533,0.9989985227584839,0.005390285374009419,-0.060511515,0.34643435,0.0024287738939439345,-0.05941261,0.34468088
step1,Conditional / Shared,2,0.9995463490486145,0.9997348785400391,0.00594543276226789,-0.060252335,0.34609666,0.0004611454951485559,-0.0626749,0.34788954
step1,Conditional / Shared,3,0.9995571970939636,0.9997257590293884,0.005674319020010973,-0.0603982,0.34619159,0.0023250942004743595,-0.061196104,0.34625268
step1,Conditional / Shared,4,0.9995306134223938,0.9999276399612427,0.0062565529837077406,-0.06019955,0.34601438,0.0032022996915726113,-0.06236415,0.34753472
step1,Conditional / Shared,5,0.9995342493057251,0.9998363256454468,0.007852222603122565,-0.060848385,0.34623578,-0.004165576909971209,-0.060419917,0.34769183
step1,Conditional / Shared,6,0.999558687210083,0.999605119228363,0.007264774274498789,-0.060639672,0.34623384,-0.005007732385470311,-0.061173268,0.34657505
step1,Conditional / Shared,7,0.9995479583740234,0.9995260834693909,0.00853131516119684,-0.05968696,0.34603292,0.0020613031728568864,-0.06030327,0.34578753
step1,Conditional / Shared,8,0.9995784759521484,0.9994453191757202,0.007497567473707794,-0.060986053,0.34651324,-0.009398040025770972,-0.061439563,0.34612852
step1,Conditional / Shared,9,0.9995928406715393,0.9994686841964722,0.006989483425672707,-0.06097727,0.3466416,-0.0011769968704390022,-0.05845861,0.34479737
step2,Zero / Identity,0,1.0184364318847656,1.0186952352523804,0.0,-0.051451977,0.46267065,0.0,-0.05077219,0.4663843
step2,Zero / Identity,1,1.0184401273727417,1.0186642408370972,0.0,-0.05152811,0.46319363,0.0,-0.049387254,0.46116343
step2,Zero / Identity,2,1.0184687376022339,1.0184074640274048,0.0,-0.05135438,0.46324867,0.0,-0.05111769,0.46096802
step2,Zero / Identity,3,1.018499732017517,1.0181304216384888,0.0,-0.051257096,0.46327105,0.0,-0.05226821,0.46085668
step2,Zero / Identity,4,1.0184186697006226,1.0188565254211426,0.0,-0.05149867,0.46275187,0.0,-0.049469512,0.4650857
step2,Zero / Identity,5,1.0184966325759888,1.0181546211242676,0.0,-0.051481918,0.46320793,0.0,-0.050967086,0.46183777
step2,Zero / Identity,6,1.0185091495513916,1.0180432796478271,0.0,-0.0512033,0.46330386,0.0,-0.053775463,0.46102658
step2,Zero / Identity,7,1.0183861255645752,1.0191572904586792,0.0,-0.051327676,0.4625413,0.0,-0.051834557,0.46754095
step2,Zero / Identity,8,1.0184792280197144,1.018311858177185,0.0,-0.05136145,0.46295175,0.0,-0.051611792,0.4639007
step2,Zero / Identity,9,1.0184789896011353,1.0183137655258179,0.0,-0.051069297,0.4631356,0.0,-0.05386024,0.4620763
step2,Baseline / Identity,0,0.9988380670547485,0.9990005493164062,0.36173751408439697,0.098257355,0.34601685,0.35762810599839273,0.09847067,0.34792563
step2,Baseline / Identity,1,0.998785138130188,0.999462902545929,0.36176589012690924,0.09833134,0.34603575,0.35700958903898805,0.09695321,0.34793586
step2,Baseline / Identity,2,0.9987697601318359,0.9995576739311218,0.3623239490300964,0.09907725,0.3458242,0.3526987827662955,0.091521405,0.34953696
step2,Baseline / Identity,3,0.9988502860069275,0.9988614320755005,0.3621296285779422,0.098756395,0.346261,0.35463465449246934,0.09375712,0.345937
step2,Baseline / Identity,4,0.998823344707489,0.9991399645805359,0.36151693964801035,0.09822258,0.3460853,0.35952852650055694,0.098689705,0.34737748
step2,Baseline / Identity,5,0.9988903403282166,0.9985136985778809,0.3616521632683264,0.09818207,0.3463186,0.3583319511164791,0.09847555,0.3456594
step2,Baseline / Identity,6,0.9988783597946167,0.9986028075218201,0.3616290284039956,0.09869809,0.34638005,0.35929866575865016,0.094325505,0.3451828
step2,Baseline / Identity,7,0.9987899661064148,0.9994043707847595,0.36160679772716087,0.09854606,0.34590495,0.3589793111117415,0.09622158,0.3493658
step2,Baseline / Identity,8,0.9988856315612793,0.9985331296920776,0.36163448274938564,0.09839258,0.3462431,0.35913134249229745,0.09726538,0.346368
step2,Baseline / Identity,9,0.9988443851470947,0.9989293217658997,0.36177007736941896,0.09889513,0.34625503,0.3578389711995389,0.09301716,0.3462339
step2,Baseline / Shared,0,0.9989591836929321,0.999192476272583,0.36173751408439697,0.098257355,0.34601685,0.35762810599839273,0.09847067,0.34792563
step2,Baseline / Shared,1,0.998907208442688,0.9996546506881714,0.36176589012690924,0.09833134,0.34603575,0.35700958903898805,0.09695321,0.34793586
step2,Baseline / Shared,2,0.998895525932312,0.9997494220733643,0.3623239490300964,0.09907725,0.34582415,0.3526987827662955,0.091521405,0.34953696
step2,Baseline / Shared,3,0.9989728331565857,0.9990533590316772,0.3621296285779422,0.0987564,0.346261,0.35463465449246934,0.09375712,0.345937
step2,Baseline / Shared,4,0.9989445805549622,0.9993319511413574,0.36151693964801035,0.09822258,0.3460853,0.35952852650055694,0.098689705,0.34737748
step2,Baseline / Shared,5,0.9990120530128479,0.9987058639526367,0.3616521632683264,0.09818207,0.3463186,0.3583319511164791,0.09847555,0.3456594
step2,Baseline / Shared,6,0.9990019798278809,0.9987949728965759,0.3616290284039956,0.0986981,0.34638005,0.35929866575865016,0.094325505,0.3451828
step2,Baseline / Shared,7,0.9989148378372192,0.9995961785316467,0.36160679772716087,0.09854606,0.3459049,0.3589793111117415,0.09622158,0.3493658
step2,Baseline / Shared,8,0.9990097880363464,0.9987252950668335,0.36163448274938564,0.09839258,0.3462431,0.35913134249229745,0.09726538,0.346368
step2,Baseline / Shared,9,0.9989670515060425,0.9991214275360107,0.36177007736941896,0.09889513,0.34625503,0.3578389711995389,0.09301716,0.3462339
step2,Conditional / Identity,0,0.9990650415420532,0.9992386698722839,0.35653193920252846,0.09524102,0.3471931,0.35345167507281616,0.09577237,0.3491345
step2,Conditional / Identity,1,0.9990013241767883,0.9997590780258179,0.3567341020010104,0.09536758,0.34723327,0.35245481305361775,0.093579404,0.34943908
step2,Conditional / Identity,2,0.9990065097808838,0.9997725486755371,0.35724079202148834,0.09699559,0.34680632,0.3498533168673364,0.09036074,0.35023752
step2,Conditional / Identity,3,0.9990750551223755,0.9990183115005493,0.3573501346410025,0.09694795,0.3471468,0.3514617764059353,0.093044125,0.34648067
step2,Conditional / Identity,4,0.9990012049674988,0.9993350505828857,0.35688203196223617,0.095825054,0.34715995,0.3555918422816957,0.09655899,0.34833282
step2,Conditional / Identity,5,0.9990154504776001,0.9986585378646851,0.3579865825060367,0.096672155,0.34699643,0.3557260391305311,0.09732114,0.34630853
step2,Conditional / Identity,6,0.999067485332489,0.9987916946411133,0.3574877814294089,0.096655324,0.3472548,0.3559762131941801,0.092433676,0.3460165
step2,Conditional / Identity,7,0.9990241527557373,0.9995888471603394,0.3565554896074413,0.09611754,0.347108,0.3549590135593618,0.09447006,0.3502769
step2,Conditional / Identity,8,0.9990953207015991,0.9987184405326843,0.3569360319648024,0.09589588,0.34724107,0.3560688425632564,0.0954356,0.34717786
step2,Conditional / Identity,9,0.9990466237068176,0.9991403222084045,0.3565278210511549,0.09625312,0.34725025,0.353553119516628,0.090749115,0.34717348
step2,Conditional / Shared,0,0.9992151856422424,0.9994310140609741,0.3565319392107024,0.09524102,0.34719306,0.35345167507281616,0.09577237,0.3491345
step2,Conditional / Shared,1,0.9991515278816223,0.999951183795929,0.3567341019345322,0.09536758,0.3472332,0.35245481305361775,0.093579404,0.34943908
step2,Conditional / Shared,2,0.9991647601127625,0.9999646544456482,0.3572407922607872,0.09699559,0.34680638,0.3498533168673364,0.09036074,0.35023752
step2,Conditional / Shared,3,0.9992167949676514,0.999210774898529,0.3573501346410025,0.09694795,0.3471468,0.3514617764059353,0.093044125,0.34648067
step2,Conditional / Shared,4,0.9991662502288818,0.9995272755622864,0.3568820319552901,0.095825054,0.34715995,0.3555918422816957,0.09655899,0.34833282
step2,Conditional / Shared,5,0.9991774559020996,0.9988512396812439,0.3579865825103716,0.09667217,0.34699646,0.3557260391305311,0.09732114,0.34630853
step2,Conditional / Shared,6,0.999202311038971,0.998984158039093,0.3574877813703865,0.096655324,0.3472548,0.3559762131941801,0.092433676,0.3460165
step2,Conditional / Shared,7,0.9991719722747803,0.99978107213974,0.3565554896074413,0.09611754,0.347108,0.3549590135593618,0.09447006,0.3502769
step2,Conditional / Shared,8,0.9992453455924988,0.9989110231399536,0.3569360317429508,0.09589588,0.34724107,0.3560688425632564,0.0954356,0.34717786
step2,Conditional / Shared,9,0.9992110133171082,0.9993326663970947,0.3565278209474913,0.09625312,0.3472502,0.353553119516628,0.090749115,0.34717348
step3,Zero / Identity,0,1.0258276462554932,1.0242975950241089,0.0,-0.061177064,0.5072383,0.0,-0.05860537,0.49373317
step3,Zero / Identity,1,1.0257586240768433,1.0249123573303223,0.0,-0.06105648,0.50669134,0.0,-0.061279193,0.49885884
step3,Zero / Identity,2,1.0255799293518066,1.026505470275879,0.0,-0.060850784,0.5053612,0.0,-0.06263183,0.5108501
step3,Zero / Identity,3,1.0255014896392822,1.0272072553634644,0.0,-0.060864024,0.5050046,0.0,-0.06252412,0.5139439
step3,Zero / Identity,4,1.025834560394287,1.0242314338684082,0.0,-0.06086821,0.5066029,0.0,-0.06237611,0.49991885
step3,Zero / Identity,5,1.025490403175354,1.0273293256759644,0.0,-0.060897674,0.50439036,0.0,-0.06198315,0.51975596
step3,Zero / Identity,6,1.0256640911102295,1.0257529020309448,0.0,-0.06070341,0.5056819,0.0,-0.06393007,0.5079654
step3,Zero / Identity,7,1.0256288051605225,1.0260732173919678,0.0,-0.060979318,0.50526786,0.0,-0.06097983,0.5117369
step3,Zero / Identity,8,1.025791883468628,1.0245968103408813,0.0,-0.061149757,0.5068116,0.0,-0.059185963,0.4972502
step3,Zero / Identity,9,1.0256389379501343,1.025984287261963,0.0,-0.06130955,0.50587255,0.0,-0.05801253,0.50576895
step3,Baseline / Identity,0,1.0063714981079102,1.0054097175598145,0.35089908147166426,0.07529657,0.38989347,0.34640846659090324,0.07484628,0.38251534
step3,Baseline / Identity,1,1.006360650062561,1.0055955648422241,0.35032240596797654,0.07500996,0.38973632,0.3510453883279935,0.076469995,0.3847325
step3,Baseline / Identity,2,1.006177544593811,1.007187008857727,0.3507454788942817,0.07551373,0.38866225,0.3481640110966851,0.073155485,0.39357704
step3,Baseline / Identity,3,1.0060948133468628,1.007922649383545,0.3508060298468787,0.075788274,0.3881302,0.34745181943048997,0.070749834,0.3982527
step3,Baseline / Identity,4,1.0063714981079102,1.0054206848144531,0.35120712087279626,0.07587888,0.38957664,0.34349647660130345,0.068843015,0.38530222
step3,Baseline / Identity,5,1.0060441493988037,1.0080028772354126,0.3516193940437584,0.07630667,0.38779,0.34182995712747827,0.06785911,0.4010869
step3,Baseline / Identity,6,1.0061804056167603,1.0067260265350342,0.3514781345669063,0.076232836,0.38874435,0.3427564756716209,0.06726792,0.3919526
step3,Baseline / Identity,7,1.0062706470489502,1.0063211917877197,0.35070591170914817,0.07547811,0.38886917,0.34849618028026863,0.074661165,0.3915398
step3,Baseline / Identity,8,1.0063848495483398,1.0053352117538452,0.35059959770960564,0.074839465,0.38980156,0.3473135189175234,0.076842114,0.38274938
step3,Baseline / Identity,9,1.006256341934204,1.0064947605133057,0.3505657057684115,0.07502268,0.38901037,0.3493889473189395,0.07781395,0.389669
step3,Baseline / Shared,0,1.0015013217926025,1.0018038749694824,0.4083516896720192,0.13616401,0.34704497,0.39653082262246836,0.12561996,0.3478344
step3,Baseline / Shared,1,1.001442313194275,1.0020756721496582,0.4084824886625544,0.13596776,0.3469317,0.3957605332751628,0.1257744,0.35078004
step3,Baseline / Shared,2,1.0012449026107788,1.001982569694519,0.40809748647068295,0.13566189,0.34661883,0.40406736412206573,0.13320401,0.3500029
step3,Baseline / Shared,3,1.0012791156768799,1.0021053552627563,0.4075982741166572,0.13515575,0.34663796,0.4068858779261564,0.13581614,0.3505504
step3,Baseline / Shared,4,1.001633882522583,1.0013524293899536,0.40834196510677573,0.13614903,0.34733614,0.39478383087869295,0.12248649,0.34693795
step3,Baseline / Shared,5,1.001251459121704,1.001830816268921,0.40796603100199336,0.13529627,0.3465117,0.4058370529625875,0.1375024,0.34974083
step3,Baseline / Shared,6,1.0012729167938232,1.0019749402999878,0.4089344368692757,0.1365059,0.3464427,0.39698490990107704,0.12581687,0.35055965
step3,Baseline / Shared,7,1.001312255859375,1.0015865564346313,0.4080838023056993,0.13574326,0.34664616,0.40406938685248656,0.13349445,0.34909213
step3,Baseline / Shared,8,1.0014054775238037,1.0019350051879883,0.40920200501727777,0.13658422,0.34673193,0.3904082819859929,0.123085305,0.3494936
step3,Baseline / Shared,9,1.0012447834014893,1.0022602081298828,0.40850166446458913,0.13614528,0.34624705,0.3998858677044355,0.1297401,0.3523312
step3,Conditional / Identity,0,1.0000882148742676,1.0002267360687256,0.38766881019469107,0.122543775,0.35241383,0.38159270931278666,0.11595651,0.35171425
step3,Conditional / Identity,1,1.0000126361846924,1.0003674030303955,0.3881010065280492,0.12271661,0.3518296,0.38200914827382015,0.116625056,0.35378787
step3,Conditional / Identity,2,0.9999504089355469,1.0002882480621338,0.388451144482013,0.12299208,0.35148054,0.3899292487141144,0.124280415,0.35317275
step3,Conditional / Identity,3,0.9998731017112732,1.0006146430969238,0.38890185975338326,0.123251155,0.3511307,0.39071832421638486,0.1250172,0.3551546
step3,Conditional / Identity,4,1.0001487731933594,0.9996198415756226,0.38796426910114423,0.12289622,0.35231265,0.3810579890800392,0.11424344,0.349698
step3,Conditional / Identity,5,0.9999876022338867,1.0002398490905762,0.38770900125306684,0.12203908,0.35160926,0.39036950918835056,0.12724608,0.35367233
step3,Conditional / Identity,6,0.9999560117721558,1.0004206895828247,0.38888486462830363,0.1230882,0.3515129,0.3824446674109345,0.11604643,0.35396057
step3,Conditional / Identity,7,0.9999964833259583,1.0000264644622803,0.3880970985988703,0.122676894,0.35175955,0.38697035906479166,0.122992724,0.35283205
step3,Conditional / Identity,8,0.9999591708183289,1.0002188682556152,0.38946974297221537,0.123921305,0.35154712,0.37767752099453,0.115662105,0.35200846
step3,Conditional / Identity,9,0.9999226927757263,1.0007659196853638,0.388795113431723,0.12336596,0.3511704,0.38575372833673205,0.11996006,0.35611266
step3,Conditional / Shared,0,1.0002334117889404,1.0004186630249023,0.38766881012958293,0.122543775,0.35241386,0.38159270931278666,0.11595651,0.35171425
step3,Conditional / Shared,1,1.0001592636108398,1.0005593299865723,0.38810100641086165,0.12271662,0.3518296,0.38200914827382015,0.116625056,0.35378787
step3,Conditional / Shared,2,1.0001167058944702,1.0004801750183105,0.38845114449860885,0.12299208,0.3514805,0.3899292487141144,0.124280415,0.35317275
step3,Conditional / Shared,3,1.0000430345535278,1.000806450843811,0.3889018598354872,0.123251155,0.35113066,0.39071832421638486,0.1250172,0.3551546
step3,Conditional / Shared,4,1.0003095865249634,0.9998120665550232,0.3879642691355246,0.12289622,0.35231262,0.3810579890800392,0.11424344,0.349698
step3,Conditional / Shared,5,1.000144362449646,1.000431776046753,0.3877090012321711,0.12203906,0.35160926,0.39036950918835056,0.12724608,0.35367233
step3,Conditional / Shared,6,1.0001192092895508,1.0006126165390015,0.38888486478504375,0.12308821,0.3515129,0.3824446674109345,0.11604643,0.35396057
step3,Conditional / Shared,7,1.0001503229141235,1.000218391418457,0.38809709862697367,0.122676894,0.35175955,0.38697035906479166,0.122992724,0.35283205
step3,Conditional / Shared,8,1.0001124143600464,1.000410795211792,0.3894697430520888,0.123921305,0.35154712,0.37767752099453,0.115662105,0.35200846
step3,Conditional / Shared,9,1.000077247619629,1.0009576082229614,0.38879511343254614,0.12336596,0.3511704,0.38575372833673205,0.11996006,0.35611266
step4,Zero / Identity,0,1.1372642517089844,1.122588872909546,0.0,-1.306602,1.2024062,0.0,-1.1715522,1.072545
step4,Zero / Identity,1,1.1358529329299927,1.1352382898330688,0.0,-1.2917379,1.1928396,0.0,-1.3114974,1.1559258
step4,Zero / Identity,2,1.1341335773468018,1.1505182981491089,0.0,-1.2728903,1.1777831,0.0,-1.4446771,1.2963879
step4,Zero / Identity,3,1.1331299543380737,1.1596275568008423,0.0,-1.2653487,1.1726487,0.0,-1.5202551,1.339374
step4,Zero / Identity,4,1.1372692584991455,1.122558355331421,0.0,-1.3127376,1.1952195,0.0,-1.1220336,1.1354685
step4,Zero / Identity,5,1.1355109214782715,1.1382510662078857,0.0,-1.2954156,1.1837016,0.0,-1.2547505,1.2411604
step4,Zero / Identity,6,1.1367883682250977,1.126740574836731,0.0,-1.3018038,1.1957719,0.0,-1.2213182,1.1292404
step4,Zero / Identity,7,1.1366808414459229,1.1276428699493408,0.0,-1.3000674,1.1953772,0.0,-1.2184783,1.1344731
step4,Zero / Identity,8,1.134523630142212,1.1473487615585327,0.0,-1.275999,1.182681,0.0,-1.4226477,1.2536263
step4,Zero / Identity,9,1.136480689048767,1.129465937614441,0.0,-1.2957479,1.194018,0.0,-1.2590882,1.1461111
step4,Baseline / Identity,0,1.118683934211731,1.104127287864685,0.3406789108871815,-1.2179725,1.0838323,0.3418485852727501,-1.074692,0.9576564
step4,Baseline / Identity,1,1.1172740459442139,1.1168609857559204,0.34102340682657345,-1.2038566,1.0744072,0.3394502165697283,-1.225532,1.0400074
step4,Baseline / Identity,2,1.115619421005249,1.13191819190979,0.3412239907301639,-1.1860945,1.0593714,0.33709020968175396,-1.3656996,1.1761208
step4,Baseline / Identity,3,1.1145727634429932,1.1418139934539795,0.3418184174396786,-1.1751134,1.0541452,0.3312647408798856,-1.450481,1.2268058
step4,Baseline / Identity,4,1.118747591972351,1.1044858694076538,0.34155516773522593,-1.2230711,1.0770493,0.3332036790088468,-1.032102,1.0200586
step4,Baseline / Identity,5,1.116955280303955,1.1200199127197266,0.34182341660902255,-1.2054787,1.0657066,0.33157735282144957,-1.1757131,1.1222707
step4,Baseline / Identity,6,1.1182085275650024,1.1085495948791504,0.3411148623090808,-1.21243,1.0773312,0.33712074615200527,-1.1333742,1.0144143
step4,Baseline / Identity,7,1.1182528734207153,1.1091934442520142,0.3411054180962092,-1.2099769,1.0774384,0.3375561133294543,-1.1282573,1.0181477
step4,Baseline / Identity,8,1.1159782409667969,1.1285734176635742,0.34111926742694304,-1.1850781,1.0651042,0.3382610039123295,-1.3332398,1.1319109
step4,Baseline / Identity,9,1.1179296970367432,1.1107159852981567,0.3406312756245311,-1.2052222,1.0763713,0.3427828508339145,-1.1643426,1.0268573
step4,Baseline / Shared,0,1.0105425119400024,1.011014699935913,0.4051569114257442,0.1133447,0.3659485,0.3790379087324191,0.09797683,0.36593282
step4,Baseline / Shared,1,1.0107553005218506,1.0113744735717773,0.4045406099911591,0.11296553,0.3665055,0.379487917396093,0.093715586,0.36765787
step4,Baseline / Shared,2,1.010581135749817,1.0131230354309082,0.4041480564885614,0.113011636,0.3650084,0.3836967752081464,0.09048785,0.38579252
step4,Baseline / Shared,3,1.0106539726257324,1.013939619064331,0.4038960384716239,0.11295271,0.36472014,0.3832427846885017,0.090934955,0.38994914
step4,Baseline / Shared,4,1.0109533071517944,1.012626051902771,0.40480072874050343,0.11273003,0.36635786,0.3766052053676032,0.09064633,0.37482315
step4,Baseline / Shared,5,1.0109854936599731,1.013357162475586,0.4022657761178426,0.11056724,0.3666377,0.3884676836680725,0.0970144,0.3819741
step4,Baseline / Shared,6,1.0110054016113281,1.0118154287338257,0.40261465121739193,0.11166127,0.3671747,0.38517336357654736,0.096542366,0.3696836
step4,Baseline / Shared,7,1.0106722116470337,1.0113320350646973,0.40413363846652234,0.11217859,0.36643225,0.38220588833579155,0.10060206,0.3692185
step4,Baseline / Shared,8,1.0109059810638428,1.0127973556518555,0.404553579733457,0.11300918,0.36581752,0.37367569590381267,0.08570804,0.3809805
step4,Baseline / Shared,9,1.010416865348816,1.0116543769836426,0.40453264514829124,0.11314904,0.3658215,0.383678560960669,0.095480636,0.37373826
step4,Conditional / Identity,0,1.1132969856262207,1.100424885749817,0.36730692748896365,-1.1763253,1.0465028,0.36568879750433275,-1.0440766,0.93515563
step4,Conditional / Identity,1,1.1121147871017456,1.1136908531188965,0.3677589664533823,-1.1663011,1.0350857,0.3624256467775948,-1.2162168,1.0180295
step4,Conditional / Identity,2,1.1099637746810913,1.129227876663208,0.36582797945341783,-1.149608,1.0203321,0.3667905552330156,-1.3571358,1.1530123
step4,Conditional / Identity,3,1.109143614768982,1.136818289756775,0.36974896190818135,-1.1192195,1.0191634,0.36775711120722665,-1.4245099,1.1970718
step4,Conditional / Identity,4,1.1136057376861572,1.1000890731811523,0.36675272944930865,-1.1851909,1.0402879,0.3600549001079982,-0.9951449,0.99441725
step4,Conditional / Identity,5,1.1114946603775024,1.115109920501709,0.36926497737745123,-1.1708913,1.0288483,0.36618887848260206,-1.1573856,1.0859479
step4,Conditional / Identity,6,1.1123955249786377,1.104922890663147,0.36950370253163534,-1.1819272,1.0357661,0.3659494738447754,-1.120199,0.98772
step4,Conditional / Identity,7,1.111836314201355,1.1057617664337158,0.3712678206321501,-1.1631114,1.035522,0.36953717053332075,-1.116346,0.9895564
step4,Conditional / Identity,8,1.1101186275482178,1.1248345375061035,0.36928088675826126,-1.1370925,1.025349,0.3616082864332962,-1.3007662,1.1082641
step4,Conditional / Identity,9,1.1124628782272339,1.1086088418960571,0.36744472730587946,-1.1516145,1.040534,0.3662995696949629,-1.1595129,1.0122315
step4,Conditional / Shared,0,1.0103795528411865,1.0107661485671997,0.38861230954185433,0.10102655,0.37180322,0.36481581705128663,0.0870122,0.3707705
step4,Conditional / Shared,1,1.010772943496704,1.0113164186477661,0.38861998393949326,0.10034137,0.37258723,0.36432824638136957,0.081494346,0.3730779
step4,Conditional / Shared,2,1.0101057291030884,1.012838363647461,0.38832857348007943,0.10150011,0.37021095,0.3687310860035616,0.07832569,0.39225438
step4,Conditional / Shared,3,1.009986162185669,1.0133217573165894,0.3855186758942963,0.09899468,0.37107357,0.36700706988556253,0.07843212,0.40033093
step4,Conditional / Shared,4,1.0104047060012817,1.0118441581726074,0.39017437095240903,0.101376005,0.3715678,0.3633850732576339,0.08128342,0.378877
step4,Conditional / Shared,5,1.010193109512329,1.012514591217041,0.3818857807646299,0.095068425,0.37374917,0.3687921892292885,0.08248058,0.38808328
step4,Conditional / Shared,6,1.0105557441711426,1.0112704038619995,0.3831250614411569,0.09656308,0.37506297,0.3683197025414485,0.084234916,0.37616143
step4,Conditional / Shared,7,1.0098978281021118,1.0103100538253784,0.38076847841450695,0.09418908,0.37547353,0.36049568254991465,0.0847526,0.3754921
step4,Conditional / Shared,8,1.010219693183899,1.011735439300537,0.3837763325511269,0.096642904,0.37345603,0.35760924236313835,0.07403194,0.38558868
step4,Conditional / Shared,9,1.010406255722046,1.0116549730300903,0.38361992184794375,0.096774,0.3748323,0.3619713835012863,0.07727693,0.38217738
step5,Zero / Identity,0,1.4597474336624146,1.4589437246322632,0.0,-0.07923616,2.6094973,0.0,-0.07882313,2.595591
step5,Zero / Identity,1,1.4598644971847534,1.4579130411148071,0.0,-0.079592146,2.6101017,0.0,-0.07792314,2.5972865
step5,Zero / Identity,2,1.459615707397461,1.4601266384124756,0.0,-0.07954278,2.607447,0.0,-0.07863187,2.6237173
step5,Zero / Identity,3,1.4594438076019287,1.4616657495498657,0.0,-0.079291835,2.6056113,0.0,-0.08310193,2.6413534
step5,Zero / Identity,4,1.4599616527557373,1.457036018371582,0.0,-0.07950524,2.6117713,0.0,-0.077261776,2.5785651
step5,Zero / Identity,5,1.4595240354537964,1.4609614610671997,0.0,-0.07939718,2.608004,0.0,-0.078022175,2.6101508
step5,Zero / Identity,6,1.4591599702835083,1.4642635583877563,0.0,-0.07918885,2.6051922,0.0,-0.083131336,2.6415992
step5,Zero / Identity,7,1.459771990776062,1.4587217569351196,0.0,-0.079283915,2.6097064,0.0,-0.083271235,2.606888
step5,Zero / Identity,8,1.4597375392913818,1.459018349647522,0.0,-0.079646304,2.6086917,0.0,-0.07759135,2.6090152
step5,Zero / Identity,9,1.4597704410552979,1.458730936050415,0.0,-0.07931879,2.6104877,0.0,-0.07766833,2.585886
step5,Baseline / Identity,0,1.4424948692321777,1.4438793659210205,0.1543512207236697,-0.052136727,2.488567,0.1426376096165426,-0.055235744,2.4887977
step5,Baseline / Identity,1,1.4429702758789062,1.4406036138534546,0.1535847501987954,-0.053059462,2.4916759,0.1492746034884963,-0.05111165,2.4757535
step5,Baseline / Identity,2,1.4425510168075562,1.444313645362854,0.15464760153464066,-0.052504756,2.4879973,0.1409542525232775,-0.05493916,2.5070055
step5,Baseline / Identity,3,1.4423291683197021,1.4462814331054688,0.15470765431176867,-0.052123994,2.4858353,0.14008139758870736,-0.06006299,2.52917
step5,Baseline / Identity,4,1.4427367448806763,1.4427440166473389,0.15470036009634316,-0.05231085,2.4908593,0.13850755517191632,-0.055761687,2.474279
step5,Baseline / Identity,5,1.4423491954803467,1.445186972618103,0.1544972207779744,-0.052380238,2.4879546,0.14274704345179604,-0.053593937,2.496528
step5,Baseline / Identity,6,1.4418773651123047,1.44928777217865,0.15497975236944564,-0.051968884,2.4851384,0.1395615163043697,-0.059752252,2.5268345
step5,Baseline / Identity,7,1.4426507949829102,1.4434983730316162,0.1542578720010844,-0.05201247,2.4890046,0.14368723704684755,-0.059737217,2.4989834
step5,Baseline / Identity,8,1.4427205324172974,1.4418156147003174,0.15348991596470474,-0.052712504,2.4886,0.1516359198052999,-0.051023997,2.491663
step5,Baseline / Identity,9,1.442807912826538,1.4418565034866333,0.15387318316719062,-0.052443452,2.4908793,0.14774431372549526,-0.05128979,2.4661007
step5,Baseline / Shared,0,1.3897489309310913,1.4051320552825928,0.3694567064382387,0.06976945,2.1208887,0.2907428235220122,0.0120230075,2.2802446
step5,Baseline / Shared,1,1.3897594213485718,1.4047822952270508,0.36963534848280744,0.069653384,2.121394,0.2927193366141971,0.014744288,2.273586
step5,Baseline / Shared,2,1.3895870447158813,1.406408667564392,0.3699287137673965,0.06984762,2.1203008,0.2895035915590273,0.012319161,2.2886517
step5,Baseline / Shared,3,1.3892842531204224,1.405287742614746,0.36966018736915934,0.069754995,2.1183138,0.2966458940790995,0.016432228,2.2967281
step5,Baseline / Shared,4,1.3896421194076538,1.405381441116333,0.36932678146197107,0.069407836,2.124454,0.28870749606454443,0.011526004,2.2680163
step5,Baseline / Shared,5,1.3894671201705933,1.4070024490356445,0.36919302904737883,0.06931818,2.1212525,0.29276744048803627,0.013989205,2.2866225
step5,Baseline / Shared,6,1.389797568321228,1.409050464630127,0.36923679138353116,0.06948485,2.1191525,0.2915882041404876,0.011761486,2.3061807
step5,Baseline / Shared,7,1.3899942636489868,1.405418038368225,0.3687046184156258,0.06933299,2.1233714,0.29272746398521854,0.010575662,2.2783413
step5,Baseline / Shared,8,1.3905521631240845,1.403558611869812,0.36858785308140274,0.06870356,2.1223605,0.2976806388597138,0.01882831,2.281873
step5,Baseline / Shared,9,1.3904740810394287,1.4053453207015991,0.36867042465109445,0.06910327,2.1235104,0.29192361875589445,0.0134076355,2.2726026
step5,Conditional / Identity,0,1.4365630149841309,1.4394047260284424,0.17060660886484239,-0.040797267,2.4411068,0.1593314847138417,-0.04695051,2.4558597
step5,Conditional / Identity,1,1.4366389513015747,1.4380730390548706,0.1710522200126995,-0.04472484,2.4538271,0.15914418729296434,-0.048953705,2.461489
step5,Conditional / Identity,2,1.436378836631775,1.4384673833847046,0.1718376202277613,-0.042790007,2.4462948,0.15958180355788784,-0.045476105,2.4636395
step5,Conditional / Identity,3,1.4362454414367676,1.4408565759658813,0.1718487314144162,-0.040966,2.4416554,0.15512447092553716,-0.050007578,2.483519
step5,Conditional / Identity,4,1.4371052980422974,1.4389644861221313,0.16946197133260563,-0.041286916,2.4458914,0.14706307116352374,-0.048889283,2.4391174
step5,Conditional / Identity,5,1.43699049949646,1.4393792152404785,0.16848939011840758,-0.04359314,2.4502945,0.16262450908994885,-0.043769263,2.4558845
step5,Conditional / Identity,6,1.4362592697143555,1.4446617364883423,0.171091325677254,-0.04019865,2.436121,0.15551334432272354,-0.050027702,2.4831538
step5,Conditional / Identity,7,1.436484694480896,1.4384779930114746,0.17114672464822547,-0.04224996,2.4465034,0.15930933308133843,-0.05173079,2.4596367
step5,Conditional / Identity,8,1.4369760751724243,1.438443660736084,0.16987839948851746,-0.042259797,2.4435306,0.1646716580929568,-0.044479422,2.466206
step5,Conditional / Identity,9,1.4368356466293335,1.4386799335479736,0.1703146644381028,-0.042758387,2.4482143,0.153454835800282,-0.04560911,2.4417999
step5,Conditional / Shared,0,1.387922763824463,1.4033970832824707,0.3704198438590279,0.07169575,2.109854,0.2931506679801111,0.014475933,2.269426
step5,Conditional / Shared,1,1.388390302658081,1.4037519693374634,0.3703148010954115,0.071068406,2.1125677,0.2941608736030197,0.01583307,2.2671497
step5,Conditional / Shared,2,1.3876816034317017,1.4043878316879272,0.37077067166089134,0.07157322,2.109264,0.29188676019552556,0.01434839,2.2791111
step5,Conditional / Shared,3,1.3878881931304932,1.403828501701355,0.3700787973202145,0.071323834,2.1097229,0.29753703808740967,0.017746905,2.2877462
step5,Conditional / Shared,4,1.388174295425415,1.4041452407836914,0.37015912509151977,0.071597174,2.1123805,0.288539040684634,0.0126499245,2.2606046
step5,Conditional / Shared,5,1.3883724212646484,1.4056735038757324,0.37001754921129226,0.071047746,2.111988,0.2930704079432717,0.014813868,2.2786636
step5,Conditional / Shared,6,1.3880524635314941,1.4076952934265137,0.3699458413236063,0.07149043,2.1076083,0.29225026425041667,0.013393145,2.2953994
step5,Conditional / Shared,7,1.3878926038742065,1.403679609298706,0.3702041303554175,0.07157388,2.1108918,0.2939755865071626,0.012827073,2.2651112
step5,Conditional / Shared,8,1.3880311250686646,1.4022575616836548,0.3702722332754129,0.07141221,2.1089816,0.29968747935254486,0.021396136,2.2725306
step5,Conditional / Shared,9,1.388471007347107,1.4041780233383179,0.3698918545423012,0.071265616,2.1118538,0.2915643038816577,0.014950947,2.2644222
step6,Zero / Identity,0,1.8216429948806763,1.8229390382766724,0.0,-0.08382664,6.4143863,0.0,-0.08427141,6.407602
step6,Zero / Identity,1,1.8222131729125977,1.817893624305725,0.0,-0.08404624,6.42375,0.0,-0.078914575,6.3180623
step6,Zero / Identity,2,1.8208959102630615,1.829622745513916,0.0,-0.08398674,6.396658,0.0,-0.08341699,6.5942507
step6,Zero / Identity,3,1.8227404356002808,1.8131507635116577,0.0,-0.0839185,6.4330072,0.0,-0.08157626,6.2419252
step6,Zero / Identity,4,1.8209497928619385,1.8291646242141724,0.0,-0.084438704,6.4141,0.0,-0.077096246,6.402936
step6,Zero / Identity,5,1.8225154876708984,1.8150663375854492,0.0,-0.08343741,6.425632,0.0,-0.085746415,6.3098073
step6,Zero / Identity,6,1.8204518556594849,1.8338348865509033,0.0,-0.08364301,6.398174,0.0,-0.09597198,6.639713
step6,Zero / Identity,7,1.822817087173462,1.8123352527618408,0.0,-0.08402765,6.428431,0.0,-0.08422578,6.298823
step6,Zero / Identity,8,1.8214715719223022,1.8245230913162231,0.0,-0.08407712,6.4071064,0.0,-0.08373208,6.4963317
step6,Zero / Identity,9,1.8219349384307861,1.8203294277191162,0.0,-0.08398806,6.414497,0.0,-0.086015694,6.4550347
step6,Baseline / Identity,0,1.8011118173599243,1.8063286542892456,0.15520078965186465,-0.06070881,6.1659803,0.14192959175850917,-0.06474501,6.1908193
step6,Baseline / Identity,1,1.801261067390442,1.8031096458435059,0.1563428889294324,-0.060731605,6.1720414,0.13343909379421362,-0.06165888,6.114075
step6,Baseline / Identity,2,1.8008912801742554,1.8084371089935303,0.1543330331629739,-0.061668742,6.15418,0.1501767031457341,-0.06171027,6.3332314
step6,Baseline / Identity,3,1.8020663261413574,1.7979979515075684,0.155350767171904,-0.061012395,6.1846046,0.14079690207571466,-0.062254373,6.032233
step6,Baseline / Identity,4,1.800674319267273,1.8102561235427856,0.1544377693341364,-0.06136339,6.1639056,0.14801909123684853,-0.055769093,6.1737037
step6,Baseline / Identity,5,1.8022183179855347,1.7965211868286133,0.1552468429854961,-0.060509585,6.178102,0.14359958968020997,-0.06466102,6.0724583
step6,Baseline / Identity,6,1.8002787828445435,1.8140151500701904,0.15454193400722616,-0.060681246,6.1531363,0.146546307826369,-0.07509486,6.388677
step6,Baseline / Identity,7,1.8024970293045044,1.7926874160766602,0.15521574758050205,-0.061369333,6.1850305,0.1416885487001586,-0.0644768,6.0521417
step6,Baseline / Identity,8,1.8010103702545166,1.8053216934204102,0.1548270364813585,-0.061317742,6.1619134,0.14750533005592684,-0.062272917,6.247943
step6,Baseline / Identity,9,1.8015843629837036,1.8022630214691162,0.1549100703446074,-0.060956784,6.1673336,0.1426969131044228,-0.0655341,6.227273
step6,Baseline / Shared,0,1.4197441339492798,1.4398412704467773,0.6064322864895273,0.32437605,2.9212046,0.5692706754953858,0.2766874,3.1944587
step6,Baseline / Shared,1,1.4203161001205444,1.4339481592178345,0.6066406583061007,0.3241479,2.9229195,0.5695395344091138,0.28267118,3.135161
step6,Baseline / Shared,2,1.4202316999435425,1.43507719039917,0.6059311724421373,0.32351074,2.916469,0.5771725160520249,0.2892609,3.220012
step6,Baseline / Shared,3,1.4206607341766357,1.4353195428848267,0.6064422814264291,0.32446104,2.9231498,0.5693616075272618,0.27738425,3.1787746
step6,Baseline / Shared,4,1.4200953245162964,1.4361648559570312,0.6054300985293237,0.32271323,2.9207263,0.5800261187590896,0.2936209,3.174395
step6,Baseline / Shared,5,1.420454502105713,1.4335379600524902,0.6061507971602069,0.32415363,2.9260545,0.5726151791428401,0.28025898,3.1380534
step6,Baseline / Shared,6,1.4201774597167969,1.436120629310608,0.6051460008556495,0.32263845,2.920353,0.5820134704991907,0.293664,3.202795
step6,Baseline / Shared,7,1.4198511838912964,1.435332179069519,0.6067914273694174,0.32463428,2.9238229,0.5674855752883561,0.27657688,3.144693
step6,Baseline / Shared,8,1.4202462434768677,1.434953212738037,0.6060676937593394,0.3235526,2.9223359,0.5752722572638893,0.28799593,3.1715214
step6,Baseline / Shared,9,1.4198516607284546,1.435915231704712,0.6062773876671421,0.3239236,2.9211936,0.5717634629895583,0.28334787,3.197322
step6,Conditional / Identity,0,1.795882225036621,1.8076579570770264,0.16419192468807414,-0.053511523,6.0878277,0.1348292550506993,-0.06425741,6.1715565
step6,Conditional / Identity,1,1.7937793731689453,1.803295373916626,0.16915965956347495,-0.052868817,6.0958943,0.13121796994017457,-0.0611804,6.0760436
step6,Conditional / Identity,2,1.7955595254898071,1.8077733516693115,0.1625447534530207,-0.057862207,6.1018047,0.14724503282585355,-0.06378303,6.3227553
step6,Conditional / Identity,3,1.7976444959640503,1.7955739498138428,0.16213732543042644,-0.056777716,6.1376348,0.14315918421946955,-0.06011066,6.0075526
step6,Conditional / Identity,4,1.7945525646209717,1.8128334283828735,0.16255937800227824,-0.05715128,6.1046696,0.1403423091330874,-0.05977135,6.1850195
step6,Conditional / Identity,5,1.7970101833343506,1.7941854000091553,0.16587562702921413,-0.055945154,6.1395984,0.14526755271883188,-0.063027024,6.055957
step6,Conditional / Identity,6,1.7935785055160522,1.8132771253585815,0.16663788345933614,-0.05075294,6.065753,0.14339747711410772,-0.07187069,6.348346
step6,Conditional / Identity,7,1.7937605381011963,1.7954097986221313,0.17211235619332654,-0.058491006,6.1365433,0.13733335011860692,-0.07161849,6.08767
step6,Conditional / Identity,8,1.7946571111679077,1.8065006732940674,0.16652550511292186,-0.051974468,6.0772853,0.1358413766003013,-0.060735736,6.2070236
step6,Conditional / Identity,9,1.794716715812683,1.803073525428772,0.16625719838125141,-0.051190805,6.076787,0.14349265228692198,-0.061447192,6.1759915
step6,Conditional / Shared,0,1.4199787378311157,1.4402806758880615,0.6052241075105826,0.32388318,2.9177983,0.5687223412611541,0.27633816,3.1942677
step6,Conditional / Shared,1,1.4209517240524292,1.4350172281265259,0.6050421053202938,0.32326746,2.9247203,0.5677342043408818,0.2808802,3.1421494
step6,Conditional / Shared,2,1.420351505279541,1.435153603553772,0.6050694708552786,0.3229414,2.91839,0.5761823590471252,0.2893187,3.2153409
step6,Conditional / Shared,3,1.4205372333526611,1.4356964826583862,0.605073039453009,0.32380226,2.9275637,0.5685718258003136,0.27740142,3.183982
step6,Conditional / Shared,4,1.4204730987548828,1.4369077682495117,0.6038764572487054,0.32149327,2.923197,0.5781645773218119,0.2920134,3.1761918
step6,Conditional / Shared,5,1.4201221466064453,1.4339007139205933,0.6050148948240855,0.32384422,2.9270258,0.5716913100428562,0.2799923,3.1396847
step6,Conditional / Shared,6,1.4200717210769653,1.4370273351669312,0.6039548477325727,0.32246026,2.918154,0.5805772213714089,0.29283714,3.2084649
step6,Conditional / Shared,7,1.4197430610656738,1.4358218908309937,0.6056112006660493,0.32383123,2.9222946,0.5672894056146852,0.27589363,3.1526995
step6,Conditional / Shared,8,1.4200797080993652,1.4361392259597778,0.6046066491275374,0.32295066,2.9238482,0.5734983342992823,0.28628087,3.1849012
step6,Conditional / Shared,9,1.4208208322525024,1.4373209476470947,0.604850988991507,0.32332847,2.9253469,0.5701415458156088,0.28171062,3.2047865
step7,Zero / Identity,0,1.1058216094970703,1.1037204265594482,0.0,-0.14264877,0.85664856,0.0,-0.15439071,0.8345551
step7,Zero / Identity,1,1.1057366132736206,1.1044657230377197,0.0,-0.14503841,0.8552856,0.0,-0.13519973,0.8488882
step7,Zero / Identity,2,1.1055961847305298,1.1057288646697998,0.0,-0.14471596,0.853762,0.0,-0.14091706,0.8650929
step7,Zero / Identity,3,1.1053907871246338,1.1075700521469116,0.0,-0.14372765,0.85338265,0.0,-0.14527972,0.8639728
step7,Zero / Identity,4,1.1056188344955444,1.105532169342041,0.0,-0.14424875,0.8545496,0.0,-0.14417286,0.85836834
step7,Zero / Identity,5,1.1054729223251343,1.1068470478057861,0.0,-0.144026,0.8544783,0.0,-0.14318739,0.85495895
step7,Zero / Identity,6,1.105380892753601,1.1076749563217163,0.0,-0.1441776,0.852785,0.0,-0.14479767,0.8741101
step7,Zero / Identity,7,1.1057510375976562,1.1043184995651245,0.0,-0.14365098,0.85493314,0.0,-0.1483193,0.8531274
step7,Zero / Identity,8,1.1055742502212524,1.1059215068817139,0.0,-0.14325845,0.85517335,0.0,-0.15058464,0.8489203
step7,Zero / Identity,9,1.1056879758834839,1.104880690574646,0.0,-0.14482719,0.8555365,0.0,-0.1376454,0.8471764
step7,Baseline / Identity,0,1.086409568786621,1.0859085321426392,0.27223468242348925,-0.062313516,0.7379882,0.2582578331975873,-0.083472356,0.72789866
step7,Baseline / Identity,1,1.0864500999450684,1.085495948791504,0.27135696686118727,-0.06551197,0.73806643,0.2654278152770862,-0.058023907,0.73267734
step7,Baseline / Identity,2,1.0863581895828247,1.0864628553390503,0.27126263843697607,-0.065285504,0.7369076,0.26808243811738386,-0.06309768,0.7476591
step7,Baseline / Identity,3,1.0861430168151855,1.0883760452270508,0.2716971717177872,-0.06364003,0.73626524,0.26355788629290366,-0.070291474,0.74531686
step7,Baseline / Identity,4,1.0863242149353027,1.0867347717285156,0.27149992278100393,-0.06458442,0.73703635,0.26417836350773594,-0.06765519,0.7443382
step7,Baseline / Identity,5,1.0861258506774902,1.0884513854980469,0.2721493552303258,-0.06366376,0.7367009,0.2610522738492817,-0.07031118,0.74047476
step7,Baseline / Identity,6,1.0861636400222778,1.088093876838684,0.2715147642056427,-0.06439044,0.7357458,0.26531858557782645,-0.065492995,0.75362307
step7,Baseline / Identity,7,1.0864276885986328,1.0857667922973633,0.2715357378226499,-0.06381678,0.7373042,0.2655220934343309,-0.07105788,0.73749256
step7,Baseline / Identity,8,1.0863209962844849,1.0867350101470947,0.2708573356720235,-0.06385625,0.737749,0.27040510435130005,-0.070511594,0.73241055
step7,Baseline / Identity,9,1.0864070653915405,1.0853874683380127,0.2709144487368909,-0.06542832,0.73798615,0.27261033301365073,-0.055223066,0.73238367
step7,Baseline / Shared,0,1.0695140361785889,1.0716005563735962,0.44351221197875923,0.11538216,0.5907841,0.4047519154923881,0.07625059,0.6021077
step7,Baseline / Shared,1,1.069204568862915,1.072502613067627,0.44422240078246333,0.11492067,0.5894099,0.4108354417713218,0.09167905,0.60949814
step7,Baseline / Shared,2,1.0689201354980469,1.0727143287658691,0.4439241505507874,0.115422085,0.58850235,0.41502769482339896,0.08833678,0.61577094
step7,Baseline / Shared,3,1.0693994760513306,1.0730459690093994,0.44311756130643903,0.114361554,0.58993423,0.4182048241299434,0.09137203,0.6108546
step7,Baseline / Shared,4,1.0696277618408203,1.072116494178772,0.44055241228148107,0.112029485,0.5916819,0.4126747916717718,0.09009749,0.610095
step7,Baseline / Shared,5,1.069180965423584,1.073245644569397,0.4428574027835186,0.11456571,0.5903225,0.41559846209564166,0.08749787,0.6065094
step7,Baseline / Shared,6,1.0694862604141235,1.072948694229126,0.4423484231871541,0.11352403,0.5900041,0.41767024509747874,0.09315119,0.6129417
step7,Baseline / Shared,7,1.0693416595458984,1.0710676908493042,0.4431043653544006,0.114676744,0.590206,0.418621889715807,0.090201505,0.6038563
step7,Baseline / Shared,8,1.069612979888916,1.071542501449585,0.444714007497551,0.11508523,0.5903306,0.41202191493091794,0.093011774,0.6002007
step7,Baseline / Shared,9,1.0694198608398438,1.072170615196228,0.44257094903002064,0.113884345,0.5902017,0.4186858310042094,0.09511845,0.60714203
step7,Conditional / Identity,0,1.079880952835083,1.0801857709884644,0.3009137904286953,-0.0332213,0.6994753,0.2853807390727255,-0.058515344,0.6936841
step7,Conditional / Identity,1,1.0800355672836304,1.08063542842865,0.2992217613075803,-0.036423326,0.6995367,0.28583352460222117,-0.037966784,0.70255035
step7,Conditional / Identity,2,1.0799731016159058,1.0801007747650146,0.2997778017066151,-0.035041634,0.69771785,0.2950270854587497,-0.03494347,0.7085824
step7,Conditional / Identity,3,1.0796993970870972,1.0807992219924927,0.30000134544639745,-0.034438226,0.6973642,0.29822619660444144,-0.035826106,0.69934994
step7,Conditional / Identity,4,1.0799387693405151,1.0813283920288086,0.29933155567941105,-0.036392238,0.69804245,0.2938272251272971,-0.04168764,0.71232945
step7,Conditional / Identity,5,1.0797737836837769,1.0812125205993652,0.298789186091501,-0.03507291,0.69823176,0.2961258877781666,-0.038410887,0.69638467
step7,Conditional / Identity,6,1.0798676013946533,1.082302451133728,0.3003487909177914,-0.035025597,0.69729406,0.2894262679539563,-0.039853346,0.716319
step7,Conditional / Identity,7,1.0798767805099487,1.079201102256775,0.3008013591976933,-0.033507597,0.6978115,0.29835165535477215,-0.04187227,0.69752187
step7,Conditional / Identity,8,1.0797083377838135,1.0813186168670654,0.3005116444514952,-0.032945897,0.6972533,0.29261824743973824,-0.0460042,0.6989645
step7,Conditional / Identity,9,1.0799827575683594,1.0799344778060913,0.29952205390612135,-0.03601919,0.6987666,0.2981357584638178,-0.031083526,0.69940436
step7,Conditional / Shared,0,1.0687288045883179,1.0702738761901855,0.43085786440720636,0.10425439,0.59871715,0.39790955054330607,0.070982404,0.6046962
step7,Conditional / Shared,1,1.0689877271652222,1.0715868473052979,0.42936734559863926,0.10176003,0.59881884,0.4027503035395599,0.08387731,0.61515296
step7,Conditional / Shared,2,1.069174885749817,1.071932315826416,0.42848879192359884,0.10241456,0.5976261,0.4073709243482741,0.08092935,0.62186384
step7,Conditional / Shared,3,1.0688787698745728,1.0714558362960815,0.4294489772003836,0.103001036,0.59720534,0.41133816110443383,0.085894495,0.61423826
step7,Conditional / Shared,4,1.0690678358078003,1.0708218812942505,0.4280631526612869,0.10126324,0.5983513,0.40896681607736435,0.08602575,0.61302
step7,Conditional / Shared,5,1.0688620805740356,1.0720133781433105,0.42885214998696597,0.102658376,0.5980901,0.40715370100949383,0.08042192,0.61041087
step7,Conditional / Shared,6,1.0689258575439453,1.0720107555389404,0.4295202238078057,0.10191581,0.598394,0.40902443084125206,0.08662889,0.6176478
step7,Conditional / Shared,7,1.0688618421554565,1.0698314905166626,0.4310791146478998,0.10465865,0.59710866,0.41284028279024104,0.084786996,0.6066671
step7,Conditional / Shared,8,1.0688854455947876,1.0700156688690186,0.4307293442756858,0.10364293,0.59789634,0.40643702215142,0.08816004,0.60277814
step7,Conditional / Shared,9,1.0689256191253662,1.0712085962295532,0.4292592554967116,0.10261015,0.5978562,0.4116705918169503,0.08906163,0.61160964
